{
	"format_version": "1.8.0",
	"animations": {
		"animation.crawler.walk": {
			"loop": true,
			"animation_length": 1,
			"anim_time_update": "q.anim_time + 2 * q.delta_time",
			"bones": {
				"head": {
					"rotation": [0, 0, "Math.sin(query.anim_time * 720) * 3"]
				},
				"fuse": {
					"rotation": [0, 0, "Math.sin(query.anim_time * 720 + -90) * 5"]
				},
				"rightleg1": {
					"rotation": {
						"0.0": [-15.50409, -14.47751, 3.96713],
						"0.25": [12.5, 0, 0],
						"0.375": [-4.2558, -19.94921, 1.45439],
						"0.5": [-15.50409, -14.47751, 3.96713],
						"0.75": [12.5, 0, 0],
						"0.875": [-4.2558, -19.94921, 1.45439],
						"1.0": [-15.50409, -14.47751, 3.96713]
					},
					"position": {
						"0.0": [0, 0, -2.5],
						"0.25": [0, 0, 1],
						"0.4167": [0, 2, -0.75],
						"0.5": [0, 0, -2.5],
						"0.75": [0, 0, 1],
						"0.9167": [0, 2, -0.75],
						"1.0": [0, 0, -2.5]
					}
				},
				"leftleg1": {
					"rotation": {
						"0.0": [12.5, 0, 0],
						"0.125": [-4.2558, 19.94921, -1.45439],
						"0.25": [-15.50409, 14.47751, -3.96713],
						"0.5": [12.5, 0, 0],
						"0.625": [-4.2558, 19.94921, -1.45439],
						"0.75": [-15.50409, 14.47751, -3.96713],
						"1.0": [12.5, 0, 0]
					},
					"position": {
						"0.0": [0, 0, 1],
						"0.1667": [0, 2, -0.75],
						"0.25": [0, 0, -2.5],
						"0.5": [0, 0, 1],
						"0.6667": [0, 2, -0.75],
						"0.75": [0, 0, -2.5],
						"1.0": [0, 0, 1]
					}
				},
				"leftleg2": {
					"rotation": {
						"0.0": [-15.50409, 14.47751, -3.96713],
						"0.25": [12.5, 0, 0],
						"0.375": [-4.2558, 19.94921, -1.45439],
						"0.5": [-15.50409, 14.47751, -3.96713],
						"0.75": [12.5, 0, 0],
						"0.875": [-4.2558, 19.94921, -1.45439],
						"1.0": [-15.50409, 14.47751, -3.96713]
					},
					"position": {
						"0.0": [0, 0, -2.5],
						"0.25": [0, 0, 1],
						"0.4167": [0, 2, -0.75],
						"0.5": [0, 0, -2.5],
						"0.75": [0, 0, 1],
						"0.9167": [0, 2, -0.75],
						"1.0": [0, 0, -2.5]
					}
				},
				"rightleg2": {
					"rotation": {
						"0.0": [12.5, 0, 0],
						"0.125": [-4.2558, -19.94921, 1.45439],
						"0.25": [-15.50409, -14.47751, 3.96713],
						"0.5": [12.5, 0, 0],
						"0.625": [-4.2558, -19.94921, 1.45439],
						"0.75": [-15.50409, -14.47751, 3.96713],
						"1.0": [12.5, 0, 0]
					},
					"position": {
						"0.0": [0, 0, 1],
						"0.1667": [0, 2, -0.75],
						"0.25": [0, 0, -2.5],
						"0.5": [0, 0, 1],
						"0.6667": [0, 2, -0.75],
						"0.75": [0, 0, -2.5],
						"1.0": [0, 0, 1]
					}
				}
			}
		},
		"animation.crawler.idle": {
			"loop": true,
			"animation_length": 4,
			"bones": {
				"head": {
					"rotation": ["Math.sin(query.anim_time * 180) * 1 -0.3", 0, 0],
					"position": [0, "Math.sin(query.anim_time * 90) * 0.1", 0]
				},
				"fuse": {
					"rotation": [0, 0, "Math.sin(query.anim_time * 180 + 10) * 2"]
				}
			}
		},
		"animation.crawler.sit": {
			"loop": "hold_on_last_frame",
			"animation_length": 1.25,
			"bones": {
				"head": {
					"rotation": {
						"0.0": [0, 0, 0],
						"0.0833": ["Math.cos(query.anim_time * 900) * 1/query.anim_time ", 0, "Math.sin(query.anim_time * 900) * 1/query.anim_time"],
						"1.25": [0, 0, 0]
					},
					"position": {
						"0.0": [0, 0, 0],
						"0.125": [0, -1, 0],
						"0.1667": [0, -2.62, 0],
						"0.2083": [0, -4, 0],
						"0.25": [0, -3.63, 0],
						"0.2917": [0, -3, 0],
						"0.3333": [0, -3.44, 0],
						"0.375": [0, -4, 0]
					}
				},
				"rightleg1": {
					"position": {
						"0.0": [0, 0, 0],
						"0.125": [-2, 2, 1.5]
					},
					"scale": {
						"0.0": [1, 1, 1],
						"0.125": [0, 0, 0]
					}
				},
				"leftleg1": {
					"position": {
						"0.0": [0, 0, 0],
						"0.125": [2, 2, 1.5]
					},
					"scale": {
						"0.0": [1, 1, 1],
						"0.125": [0, 0, 0]
					}
				},
				"leftleg2": {
					"position": {
						"0.0": [0, 0, 0],
						"0.125": [2, 2, -1.5]
					},
					"scale": {
						"0.0": [1, 1, 1],
						"0.125": [0, 0, 0]
					}
				},
				"rightleg2": {
					"position": {
						"0.0": [0, 0, 0],
						"0.125": [-2, 2, -1.5]
					},
					"scale": {
						"0.0": [1, 1, 1],
						"0.125": [0, 0, 0]
					}
				}
			}
		},
		"animation.crawler.land": {
			"loop": true,
			"animation_length": 1.25,
			"bones": {
				"head": {
					"position": [0, -4, 0]
				},
				"rightleg1": {
					"position": [-2, 2, 1.5],
					"scale": 0
				},
				"leftleg1": {
					"position": [2, 2, 1.5],
					"scale": 0
				},
				"leftleg2": {
					"position": [2, 2, -1.5],
					"scale": 0
				},
				"rightleg2": {
					"position": [-2, 2, -1.5],
					"scale": 0
				}
			}
		},
		"animation.crawler.fly": {
			"loop": true,
			"animation_length": 2,
			"bones": {
				"head": {
					"rotation": [0, 0, 0],
					"position": [0, -4, 0]
				},
				"rightleg1": {
					"position": [-2, 2, 1.5],
					"scale": 0
				},
				"leftleg1": {
					"position": [2, 2, 1.5],
					"scale": 0
				},
				"leftleg2": {
					"position": [2, 2, -1.5],
					"scale": 0
				},
				"rightleg2": {
					"position": [-2, 2, -1.5],
					"scale": 0
				},
				"center": {
					"rotation": ["Math.cos(query.anim_time * 720) * 20  ", 0, "Math.sin(query.anim_time * 720) * 20 "]
				}
			}
		}
	}
}